rank,score,filename,path,categories,toposheet
1,32,AMSE-7829.pdf,data/external/karnataka_ap/technical_reports/Technical GSI Reports_PDFs_GIS_Spreadsheets etc/57B07/Report Geology/AMSE-7829/AMSE-7829.pdf,greenstone_framework|structural_control|deposit_footprint|metallogenic_episode,57B
2,30,AMSE-7777.pdf,data/external/karnataka_ap/technical_reports/Technical GSI Reports_PDFs_GIS_Spreadsheets etc/57B04/Non Georeference & other/AMSE-7777/AMSE-7777.pdf,greenstone_framework|structural_control|deposit_footprint|metallogenic_episode,57B
3,30,AMSE-7777.pdf,data/external/karnataka_ap/technical_reports/Technical GSI Reports_PDFs_GIS_Spreadsheets etc/57B12/Report Geology/AMSE-7777/AMSE-7777.pdf,greenstone_framework|structural_control|deposit_footprint|metallogenic_episode,57B
4,30,AMSE-7777.pdf,data/external/karnataka_ap/technical_reports/Technical GSI Reports_PDFs_GIS_Spreadsheets etc/57B16/Non Georeference & other/AMSE-7777/AMSE-7777.pdf,greenstone_framework|structural_control|deposit_footprint|metallogenic_episode,57B
5,30,AMSE-7777.pdf,data/external/karnataka_ap/technical_reports/Technical GSI Reports_PDFs_GIS_Spreadsheets etc/57B11/Report Geology/AMSE-7777/AMSE-7777.pdf,greenstone_framework|structural_control|deposit_footprint|metallogenic_episode,57B
6,30,AMSE-7777.pdf,data/external/karnataka_ap/technical_reports/Technical GSI Reports_PDFs_GIS_Spreadsheets etc/57B15/Non Georeference & other/AMSE-7777/AMSE-7777.pdf,greenstone_framework|structural_control|deposit_footprint|metallogenic_episode,57B
7,30,AMSE-7777.pdf,data/external/karnataka_ap/technical_reports/Technical GSI Reports_PDFs_GIS_Spreadsheets etc/57B08/Report Geology/AMSE-7777/AMSE-7777.pdf,greenstone_framework|structural_control|deposit_footprint|metallogenic_episode,57B
8,29,AMSE_7777_2004_2006_REPORT_1.pdf,data/external/karnataka_ap/technical_reports/Technical GSI Reports_PDFs_GIS_Spreadsheets etc/57B04/Non Georeference & other/AMSE-7777/AMSE_7777_2004_2006_REPORT_1.pdf,greenstone_framework|structural_control|metallogenic_episode,57B
9,29,AMSE_7777_2004_2006_REPORT_1.pdf,data/external/karnataka_ap/technical_reports/Technical GSI Reports_PDFs_GIS_Spreadsheets etc/57B12/Report Geology/AMSE-7777/AMSE_7777_2004_2006_REPORT_1.pdf,greenstone_framework|structural_control|metallogenic_episode,57B
10,29,AMSE_7777_2004_2006_REPORT_1.pdf,data/external/karnataka_ap/technical_reports/Technical GSI Reports_PDFs_GIS_Spreadsheets etc/57B16/Non Georeference & other/AMSE-7777/AMSE_7777_2004_2006_REPORT_1.pdf,greenstone_framework|structural_control|metallogenic_episode,57B
11,29,AMSE_7777_2004_2006_REPORT_1.pdf,data/external/karnataka_ap/technical_reports/Technical GSI Reports_PDFs_GIS_Spreadsheets etc/57B11/Report Geology/AMSE-7777/AMSE_7777_2004_2006_REPORT_1.pdf,greenstone_framework|structural_control|metallogenic_episode,57B
12,29,Copy of AMSE_7777_2004_2006_REPORT_1.pdf,data/external/karnataka_ap/technical_reports/Technical GSI Reports_PDFs_GIS_Spreadsheets etc/57B11/Report Geology/AMSE-7777/Copy of AMSE_7777_2004_2006_REPORT_1.pdf,greenstone_framework|structural_control|metallogenic_episode,57B
13,29,AMSE_7777_2004_2006_REPORT_1.pdf,data/external/karnataka_ap/technical_reports/Technical GSI Reports_PDFs_GIS_Spreadsheets etc/57B15/Non Georeference & other/AMSE-7777/AMSE_7777_2004_2006_REPORT_1.pdf,greenstone_framework|structural_control|metallogenic_episode,57B
14,29,Copy of AMSE_7777_2004_2006_REPORT_1.pdf,data/external/karnataka_ap/technical_reports/Technical GSI Reports_PDFs_GIS_Spreadsheets etc/57B15/Non Georeference & other/AMSE-7777/Copy of AMSE_7777_2004_2006_REPORT_1.pdf,greenstone_framework|structural_control|metallogenic_episode,57B
15,29,AMSE_7777_2004_2006_REPORT_1.pdf,data/external/karnataka_ap/technical_reports/Technical GSI Reports_PDFs_GIS_Spreadsheets etc/57B08/Report Geology/AMSE-7777/AMSE_7777_2004_2006_REPORT_1.pdf,greenstone_framework|structural_control|metallogenic_episode,57B
16,27,SRO_13475_1999_2000_REPORT_1.pdf,data/external/karnataka_ap/technical_reports/Technical GSI Reports_PDFs_GIS_Spreadsheets etc/57B07/Report Exploration/SRO-13475/SRO_13475_1999_2000_REPORT_1.pdf,greenstone_framework|structural_control|deposit_footprint,57B
17,26,12107.pdf,data/external/karnataka_ap/technical_reports/Technical GSI Reports_PDFs_GIS_Spreadsheets etc/57F09/Report Geophysical/SRO-12107/12107.pdf,greenstone_framework|deposit_footprint,57F
18,25,Full text with Annexure.pdf,data/external/karnataka_ap/technical_reports/Technical GSI Reports_PDFs_GIS_Spreadsheets etc/57E04/Report Exploration/CHQ-46991/Full text with Annexure.pdf,greenstone_framework|structural_control|deposit_footprint,57E
19,25,Full text with Annexure.pdf,data/external/karnataka_ap/technical_reports/Technical GSI Reports_PDFs_GIS_Spreadsheets etc/57F05/Non Georeference & other/CHQ-46991/Full text with Annexure.pdf,greenstone_framework|structural_control|deposit_footprint,57F
20,25,Full text with Annexure.pdf,data/external/karnataka_ap/technical_reports/Technical GSI Reports_PDFs_GIS_Spreadsheets etc/57A04/Report Exploration/CHQ-46991/Full text with Annexure.pdf,greenstone_framework|structural_control|deposit_footprint,57A
21,25,SRO_13940_2002_2004_REPORT_1.pdf,data/external/karnataka_ap/technical_reports/Technical GSI Reports_PDFs_GIS_Spreadsheets etc/57C01/Non Georeference & other/SRO-13940/SRO_13940_2002_2004_REPORT_1.pdf,greenstone_framework|deposit_footprint,57C
22,24,SRO_13773_2006_2007_REPORT_1.pdf,data/external/karnataka_ap/technical_reports/Technical GSI Reports_PDFs_GIS_Spreadsheets etc/57F09/Non Georeference & other/SRO-13773/SRO_13773_2006_2007_REPORT_1.pdf,greenstone_framework|structural_control|deposit_footprint|metallogenic_episode,57F
23,24,SRO_13773_2006_2007_REPORT_1.pdf,data/external/karnataka_ap/technical_reports/Technical GSI Reports_PDFs_GIS_Spreadsheets etc/57E08/Non Georeference & other/SRO-13773/SRO_13773_2006_2007_REPORT_1.pdf,greenstone_framework|structural_control|deposit_footprint|metallogenic_episode,57E
24,24,SRO_13773_2006_2007_REPORT_1.pdf,data/external/karnataka_ap/technical_reports/Technical GSI Reports_PDFs_GIS_Spreadsheets etc/57E12/Non Georeference & other/SRO-13773/SRO_13773_2006_2007_REPORT_1.pdf,greenstone_framework|structural_control|deposit_footprint|metallogenic_episode,57E
25,24,SRO_13773_2006_2007_REPORT_1.pdf,data/external/karnataka_ap/technical_reports/Technical GSI Reports_PDFs_GIS_Spreadsheets etc/57E11/Non Georeference & other/SRO-13773/SRO_13773_2006_2007_REPORT_1.pdf,greenstone_framework|structural_control|deposit_footprint|metallogenic_episode,57E
26,23,7548.pdf,data/external/karnataka_ap/technical_reports/Technical GSI Reports_PDFs_GIS_Spreadsheets etc/57A16/Report Geophysical/AMSE-7548/7548.pdf,greenstone_framework|deposit_footprint,57A
27,23,7548.pdf,data/external/karnataka_ap/technical_reports/Technical GSI Reports_PDFs_GIS_Spreadsheets etc/57B13/Report Geophysical/AMSE-7548/7548.pdf,greenstone_framework|deposit_footprint,57B
28,23,7548.pdf,data/external/karnataka_ap/technical_reports/Technical GSI Reports_PDFs_GIS_Spreadsheets etc/57F01/Report Geophysical/AMSE-7548/7548.pdf,greenstone_framework|deposit_footprint,57F
29,23,SRO_13433_1997_1998_REPORT_1.pdf,data/external/karnataka_ap/technical_reports/Technical GSI Reports_PDFs_GIS_Spreadsheets etc/57F07/Non Georeference & other/SRO-13433/SRO_13433_1997_1998_REPORT_1.pdf,greenstone_framework|structural_control,57F
30,23,SRO_13433_1997_1998_REPORT_1.pdf,data/external/karnataka_ap/technical_reports/Technical GSI Reports_PDFs_GIS_Spreadsheets etc/57F05/Report Geophysical/SRO-11921/SRO_13433_1997_1998_REPORT_1.pdf,greenstone_framework|structural_control,57F
31,23,PARAMANAHALLI FINAL REPORT.pdf,data/external/karnataka_ap/technical_reports/Technical GSI Reports_PDFs_GIS_Spreadsheets etc/57C09/Non Georeference & other/CHQ-42054/PARAMANAHALLI FINAL REPORT.pdf,greenstone_framework|structural_control|deposit_footprint,57C
32,23,final text.pdf,data/external/karnataka_ap/technical_reports/Technical GSI Reports_PDFs_GIS_Spreadsheets etc/57B09/Report Geochemical/SR-14523/final text.pdf,greenstone_framework|metallogenic_episode,57B
33,23,final text.pdf,data/external/karnataka_ap/technical_reports/Technical GSI Reports_PDFs_GIS_Spreadsheets etc/57B10/Report Geochemical/SR-14523/final text.pdf,greenstone_framework|metallogenic_episode,57B
34,22,AMSE-7745 A.pdf,data/external/karnataka_ap/technical_reports/Technical GSI Reports_PDFs_GIS_Spreadsheets etc/57B02/Report Geology/AMSE_7745/AMSE-7745 A.pdf,greenstone_framework|deposit_footprint,57B
35,22,12019.pdf,data/external/karnataka_ap/technical_reports/Technical GSI Reports_PDFs_GIS_Spreadsheets etc/57B04/Non Georeference & other/SRO-12019/12019.pdf,greenstone_framework|deposit_footprint,57B
36,22,12019.pdf,data/external/karnataka_ap/technical_reports/Technical GSI Reports_PDFs_GIS_Spreadsheets etc/57C05/Report Geophysical/SRO-12019/12019.pdf,greenstone_framework|deposit_footprint,57C
37,22,M1AGS-STM-NC-SR-SUKG-2022-42542.pdf,data/external/karnataka_ap/technical_reports/Technical GSI Reports_PDFs_GIS_Spreadsheets etc/57C05/Report Exploration/SRO-16314/M1AGS-STM-NC-SR-SUKG-2022-42542.pdf,greenstone_framework|structural_control|metallogenic_episode,57C
38,22,Fullreport_ RDIC_17_18.pdf,data/external/karnataka_ap/technical_reports/Technical GSI Reports_PDFs_GIS_Spreadsheets etc/57F01/Non Georeference & other/SRO-15173/Fullreport_ RDIC_17_18.pdf,greenstone_framework|structural_control|metallogenic_episode,57F
39,22,14722.pdf,data/external/karnataka_ap/technical_reports/Technical GSI Reports_PDFs_GIS_Spreadsheets etc/57F07/Non Georeference & other/SRO-14722/14722.pdf,greenstone_framework|structural_control|metallogenic_episode,57F
40,22,Fullreport_ RDIC_17_18.pdf,data/external/karnataka_ap/technical_reports/Technical GSI Reports_PDFs_GIS_Spreadsheets etc/57F09/Non Georeference & other/SRO-15173/Fullreport_ RDIC_17_18.pdf,greenstone_framework|structural_control|metallogenic_episode,57F
41,22,Fullreport_ RDIC_17_18.pdf,data/external/karnataka_ap/technical_reports/Technical GSI Reports_PDFs_GIS_Spreadsheets etc/57F05/Non Georeference & other/SRO-15173/Fullreport_ RDIC_17_18.pdf,greenstone_framework|structural_control|metallogenic_episode,57F
42,22,rdic_final_report.pdf,data/external/karnataka_ap/technical_reports/Technical GSI Reports_PDFs_GIS_Spreadsheets etc/57F04/Non Georeference & other/SRO-14506/rdic_final_report.pdf,greenstone_framework|structural_control|deposit_footprint|metallogenic_episode,57F
43,22,Fullreport_ RDIC_17_18.pdf,data/external/karnataka_ap/technical_reports/Technical GSI Reports_PDFs_GIS_Spreadsheets etc/57F02/Non Georeference & other/SRO-15173/Fullreport_ RDIC_17_18.pdf,greenstone_framework|structural_control|metallogenic_episode,57F
44,22,SRO_12222_1994_1995_REPORT_1.pdf,data/external/karnataka_ap/technical_reports/Technical GSI Reports_PDFs_GIS_Spreadsheets etc/57C09/Report Exploration/SRO-12222/SRO_12222_1994_1995_REPORT_1.pdf,greenstone_framework|deposit_footprint|metallogenic_episode,57C
45,22,Fullreport_ RDIC_17_18.pdf,data/external/karnataka_ap/technical_reports/Technical GSI Reports_PDFs_GIS_Spreadsheets etc/57F06/Non Georeference & other/SRO-15173/Fullreport_ RDIC_17_18.pdf,greenstone_framework|structural_control|metallogenic_episode,57F
46,22,SRO_13940_2002_2004_REPORT_2.pdf,data/external/karnataka_ap/technical_reports/Technical GSI Reports_PDFs_GIS_Spreadsheets etc/57C01/Non Georeference & other/SRO-13940/SRO_13940_2002_2004_REPORT_2.pdf,greenstone_framework|deposit_footprint,57C
47,22,M1AGS-STM-NC-SR-SUKG-2022-42542.pdf,data/external/karnataka_ap/technical_reports/Technical GSI Reports_PDFs_GIS_Spreadsheets etc/57C01/Report Exploration/SRO-16314/M1AGS-STM-NC-SR-SUKG-2022-42542.pdf,greenstone_framework|structural_control|metallogenic_episode,57C
48,22,11754.pdf,data/external/karnataka_ap/technical_reports/Technical GSI Reports_PDFs_GIS_Spreadsheets etc/57A14/Report Geology/SRO-11754/11754.pdf,greenstone_framework|deposit_footprint,57A
49,22,12019.pdf,data/external/karnataka_ap/technical_reports/Technical GSI Reports_PDFs_GIS_Spreadsheets etc/57B08/Non Georeference & other/SRO-12019/12019.pdf,greenstone_framework|deposit_footprint,57B
50,21,8736.pdf,data/external/karnataka_ap/technical_reports/Technical GSI Reports_PDFs_GIS_Spreadsheets etc/57B04/Report Geophysical/SRO-8736/8736.pdf,greenstone_framework|structural_control|deposit_footprint|metallogenic_episode,57B
